<?xml version='1.0' encoding='utf-8' standalone='yes' ?>
<map>
    <boolean name="sobot_config_support" value="false" />
    <string name="sobot_config_appkey">fa81168e609d46ac86f1818bc65477b2</string>
    <boolean name="sobot_config_req_collectFlag" value="false" />
    <long name="sobot_config_last_update_time" value="1657006234170" />
    <string name="sobot_config_companyid">0ae9c0d4db094f31940725c583e2abf1</string>
    <string name="sobot_appkey_chat">fa81168e609d46ac86f1818bc65477b2</string>
    <boolean name="sobot_config_initsdk" value="true" />
    <int name="sobot_config_req_frequency" value="2" />
</map>
