<?xml version='1.0' encoding='utf-8' standalone='yes' ?>
<map>
    <long name="last_req" value="1657006311322" />
    <int name="ekvc" value="4" />
    <long name="ana_is_f" value="0" />
    <string name="pre_version">0</string>
    <string name="signature">99e82767e8c502c33af3fe89602d04838d8687dc431534bc33dfc2279a37c362</string>
    <int name="failed_requests " value="0" />
    <int name="versioncode" value="20220523" />
    <string name="versionname">5.0.8</string>
    <long name="session_end_time" value="1657006311933" />
    <string name="cur_version">5.0.8</string>
    <int name="gkvc" value="0" />
    <long name="last_request_time" value="0" />
    <long name="a_start_time" value="1657006309597" />
    <long name="session_start_time" value="1657006234737" />
    <long name="thtstart" value="1657006234575" />
    <string name="pre_date">2022-07-05</string>
    <string name="session_id">FFE5259F756057105C31A37703035840</string>
    <long name="a_end_time" value="1657006311933" />
    <long name="last_instant_build_time" value="1657006234789" />
    <int name="serial" value="5" />
    <int name="last_request_spent_ms" value="98" />
    <int name="successful_request" value="4" />
</map>
